entry_date,exit_date,side,entry_price,exit_price,pnl_pct,hold_candles
2023-06-24 00:00:00,2023-06-24 08:00:00,SHORT,17.36,17.2,0.00841658986175116,2
2023-06-28 12:00:00,2023-06-29 08:00:00,LONG,16.319,18.044,0.10490500643421788,1
2023-07-01 20:00:00,2023-07-02 12:00:00,SHORT,18.677,19.282,-0.03319278256679341,4
2023-07-05 16:00:00,2023-07-05 20:00:00,LONG,18.59,18.981,0.020232813340505747,1
2023-07-06 20:00:00,2023-07-07 00:00:00,SHORT,19.592,20.197,-0.03167995100040835,1
2023-07-10 16:00:00,2023-07-11 00:00:00,SHORT,21.568,21.725,-0.008079302670623146,2
2023-07-17 04:00:00,2023-07-17 16:00:00,SHORT,27.634,26.167,0.052286777158572724,3
2023-07-30 08:00:00,2023-07-30 12:00:00,LONG,24.967,24.88,-0.004284599671566458,1
2023-08-05 08:00:00,2023-08-05 20:00:00,LONG,22.777,22.641,-0.006770935592922808,3
2023-08-08 16:00:00,2023-08-18 00:00:00,SHORT,24.571,21.542,0.12247540596638312,2
2023-08-29 00:00:00,2023-08-31 04:00:00,LONG,20.484,20.758,0.012576293692638026,4
2023-09-17 08:00:00,2023-09-17 12:00:00,LONG,19.016,18.968,-0.003324190155658302,1
2023-09-20 04:00:00,2023-09-24 20:00:00,SHORT,19.944,19.351,0.028933253108704374,28
2023-09-25 00:00:00,2023-10-01 00:00:00,SHORT,19.469,21.194,-0.08940239354871836,36
2023-10-05 12:00:00,2023-10-05 16:00:00,SHORT,22.79,22.782,-0.00044896884598511985,1
2023-10-05 20:00:00,2023-10-06 08:00:00,SHORT,22.682,23.169,-0.022270769773388672,3
2023-10-09 12:00:00,2023-10-09 20:00:00,LONG,22.187,22.077,-0.005757858205255304,2
2023-10-28 12:00:00,2023-10-29 00:00:00,SHORT,32.027,31.564,0.013656552284010396,3
2023-11-06 00:00:00,2023-11-06 04:00:00,SHORT,41.118,39.939,0.02787357361739389,1
2023-11-19 12:00:00,2023-11-19 16:00:00,LONG,59.999,61.196,0.019150332505541687,1
2023-11-19 16:00:00,2023-11-20 04:00:00,SHORT,61.196,59.931,0.019871285704948047,3
2023-11-22 12:00:00,2023-11-23 20:00:00,LONG,54.944,56.537,0.02819315666860797,8
2023-11-24 16:00:00,2023-11-25 00:00:00,LONG,57.166,58.85,0.02865806948185993,2
2023-11-25 04:00:00,2023-11-26 08:00:00,LONG,58.622,57.865,-0.0137132407628535,7
2023-11-27 16:00:00,2023-12-06 00:00:00,LONG,54.124,64.423,0.18948527085950778,50
2023-12-06 00:00:00,2023-12-06 04:00:00,SHORT,64.423,63.427,0.014660316967542681,1
2023-12-06 04:00:00,2023-12-11 04:00:00,LONG,63.427,68.522,0.07952856669872461,30
2023-12-11 20:00:00,2023-12-14 16:00:00,LONG,70.286,73.302,0.042110394673192456,17
2023-12-14 16:00:00,2023-12-15 04:00:00,SHORT,73.302,76.663,-0.046651409238492675,3
2023-12-18 08:00:00,2023-12-18 12:00:00,LONG,69.021,70.76,0.024395230437113405,1
2023-12-20 16:00:00,2023-12-21 00:00:00,SHORT,81.16,83.424,-0.028695515032035608,2
2023-12-21 00:00:00,2023-12-22 08:00:00,LONG,83.424,93.833,0.1239722477943996,8
2023-12-22 20:00:00,2023-12-24 04:00:00,LONG,97.962,114.565,0.16868408566587037,8
2023-12-25 08:00:00,2023-12-25 16:00:00,LONG,111.872,121.426,0.08460117276887874,2
2023-12-26 00:00:00,2023-12-26 08:00:00,LONG,119.467,114.839,-0.03953873119773662,2
2023-12-28 12:00:00,2023-12-28 16:00:00,LONG,99.802,101.208,0.013287894030179671,1
2023-12-29 00:00:00,2023-12-29 16:00:00,LONG,104.968,105.914,0.008212270406219017,4
2023-12-29 16:00:00,2023-12-30 04:00:00,SHORT,105.914,103.552,0.021501112223124372,3
2024-01-01 20:00:00,2024-01-02 08:00:00,SHORT,110.047,114.113,-0.03774784955519008,3
2024-01-02 08:00:00,2024-01-03 00:00:00,LONG,114.113,108.198,-0.0526345850166064,4
2024-01-04 12:00:00,2024-01-09 20:00:00,LONG,103.691,99.347,-0.042693703407238895,32
2024-01-10 04:00:00,2024-01-10 12:00:00,LONG,98.159,94.803,-0.03498942735765451,2
2024-01-10 16:00:00,2024-01-10 20:00:00,LONG,96.317,102.063,0.058857173707652956,1
2024-01-11 16:00:00,2024-01-12 04:00:00,LONG,101.378,98.842,-0.025815289313263243,3
2024-01-13 04:00:00,2024-01-14 04:00:00,LONG,92.551,98.307,0.06139273697745027,6
2024-01-17 12:00:00,2024-01-17 16:00:00,SHORT,99.408,100.787,-0.014672122967970434,1
2024-01-18 08:00:00,2024-01-18 12:00:00,LONG,98.962,98.27,-0.007792583011661115,1
2024-01-19 00:00:00,2024-01-26 04:00:00,LONG,93.089,87.0,-0.06621052111420252,43
2024-01-26 20:00:00,2024-01-27 12:00:00,LONG,92.261,92.783,0.004857861935162263,4
2024-01-28 00:00:00,2024-02-02 16:00:00,LONG,96.609,99.436,0.028462284052210587,34
2024-02-04 12:00:00,2024-02-14 04:00:00,LONG,97.603,113.099,0.15796561171275483,58
2024-02-14 04:00:00,2024-02-14 20:00:00,SHORT,113.099,117.092,-0.03610535194829304,4
2024-02-14 20:00:00,2024-02-15 20:00:00,LONG,117.092,113.598,-0.030639784101390358,6
2024-02-16 16:00:00,2024-02-20 08:00:00,LONG,108.724,110.481,0.015360185423641428,22
2024-02-20 16:00:00,2024-02-25 08:00:00,LONG,107.384,102.883,-0.04271499664754531,28
2024-02-27 08:00:00,2024-02-27 20:00:00,LONG,111.658,108.45,-0.029530588045639346,3
2024-02-29 00:00:00,2024-02-29 12:00:00,SHORT,123.695,132.454,-0.07161126965520041,3
2024-02-29 12:00:00,2024-03-01 00:00:00,LONG,132.454,134.114,0.011732652845516152,3
2024-03-01 20:00:00,2024-03-02 08:00:00,LONG,129.456,128.885,-0.00521076504758372,3
2024-03-02 08:00:00,2024-03-02 12:00:00,SHORT,128.885,128.033,0.005810544283663762,1
2024-03-05 16:00:00,2024-03-05 20:00:00,SHORT,119.417,125.358,-0.050550035589572696,1
2024-03-07 20:00:00,2024-03-11 16:00:00,LONG,143.997,146.853,0.019033746536386138,23
2024-03-11 16:00:00,2024-03-12 08:00:00,SHORT,146.853,150.61,-0.02638340653578752,4
2024-03-14 00:00:00,2024-03-15 04:00:00,LONG,167.589,176.253,0.05089790380036868,7
2024-03-17 20:00:00,2024-03-18 08:00:00,SHORT,201.962,208.206,-0.03171670710331646,3
2024-03-18 08:00:00,2024-03-18 20:00:00,LONG,208.206,196.143,-0.05873781159044403,3
2024-03-22 08:00:00,2024-03-24 04:00:00,LONG,172.25,173.761,0.007972133526850483,11
2024-03-25 08:00:00,2024-03-28 04:00:00,LONG,188.079,187.495,-0.0039050781852306912,17
2024-03-30 08:00:00,2024-04-07 20:00:00,LONG,197.974,179.615,-0.09353439946659653,51
2024-04-09 20:00:00,2024-04-12 00:00:00,LONG,172.558,174.184,0.008622918670823751,13
2024-04-13 12:00:00,2024-04-13 20:00:00,LONG,149.005,138.467,-0.07152245897788653,2
2024-04-19 16:00:00,2024-04-20 08:00:00,LONG,145.435,141.462,-0.02811804586241285,4
2024-04-23 00:00:00,2024-04-26 20:00:00,LONG,155.403,139.202,-0.10505152667580415,23
2024-04-29 00:00:00,2024-04-29 04:00:00,LONG,134.908,134.904,-0.0008296498354433442,1
2024-04-30 08:00:00,2024-04-30 12:00:00,LONG,128.73,127.707,-0.008746865532509876,1
2024-05-18 00:00:00,2024-05-22 04:00:00,LONG,173.144,179.883,0.038121360255047844,25
2024-05-22 04:00:00,2024-05-22 20:00:00,SHORT,179.883,177.03,0.015060309200980683,4
2024-05-27 00:00:00,2024-05-27 04:00:00,LONG,165.422,165.613,0.00035462272249158204,1
2024-05-28 00:00:00,2024-05-28 04:00:00,LONG,167.489,166.204,-0.008472145633444565,1
2024-05-29 00:00:00,2024-05-29 16:00:00,LONG,172.458,169.52,-0.017836031961405027,4
2024-06-02 20:00:00,2024-06-03 04:00:00,LONG,163.251,165.433,0.012565921188844097,2
2024-06-04 20:00:00,2024-06-05 04:00:00,SHORT,171.888,173.534,-0.010376002978683716,2
2024-06-05 04:00:00,2024-06-11 04:00:00,LONG,173.534,153.361,-0.11704811276176427,36
2024-06-13 04:00:00,2024-06-14 12:00:00,SHORT,152.071,143.733,0.05402965193889692,8
2024-06-14 12:00:00,2024-06-14 16:00:00,LONG,143.733,141.756,-0.014554670117509575,1
2024-06-14 16:00:00,2024-06-17 08:00:00,SHORT,141.756,143.861,-0.01564945963486547,16
2024-06-17 08:00:00,2024-06-17 12:00:00,LONG,143.861,141.178,-0.01944994682367002,1
2024-06-17 12:00:00,2024-06-17 20:00:00,SHORT,141.178,143.197,-0.015101095071470099,2
2024-06-17 20:00:00,2024-06-18 04:00:00,LONG,143.197,136.617,-0.046750683324371406,2
2024-06-18 12:00:00,2024-06-18 16:00:00,SHORT,135.969,133.048,0.020682837999838145,1
2024-06-19 08:00:00,2024-06-22 16:00:00,SHORT,137.891,134.442,0.024212509880992845,20
2024-06-22 16:00:00,2024-06-23 00:00:00,LONG,134.442,134.713,0.001215739129141091,2
2024-06-24 00:00:00,2024-06-27 08:00:00,SHORT,126.18,139.015,-0.10251976541448707,20
2024-06-27 16:00:00,2024-06-29 04:00:00,SHORT,148.418,141.932,0.04290089881281258,9
2024-07-02 08:00:00,2024-07-05 00:00:00,SHORT,149.609,123.621,0.17290612730517557,16
2024-07-06 08:00:00,2024-07-07 12:00:00,SHORT,138.654,137.031,0.010905396165995864,7
2024-07-08 00:00:00,2024-07-08 04:00:00,LONG,130.635,132.536,0.013751996019443569,1
2024-07-08 04:00:00,2024-07-08 12:00:00,SHORT,132.536,137.385,-0.037386285990221445,2
2024-07-12 08:00:00,2024-07-12 20:00:00,SHORT,135.585,139.379,-0.02878244643581504,3
2024-07-14 08:00:00,2024-07-15 08:00:00,SHORT,144.84,151.604,-0.047499806683236744,6
2024-07-15 12:00:00,2024-07-15 20:00:00,SHORT,152.838,159.294,-0.043040803988537,2
2024-07-17 08:00:00,2024-07-19 00:00:00,LONG,160.773,161.788,0.005513249115212223,10
2024-07-19 00:00:00,2024-07-19 08:00:00,SHORT,161.788,162.602,-0.005831275496328485,2
2024-07-19 08:00:00,2024-07-25 04:00:00,LONG,162.602,169.342,0.040650904662919325,35
2024-07-26 08:00:00,2024-07-26 20:00:00,SHORT,178.726,182.991,-0.024663343889529305,3
2024-07-26 20:00:00,2024-07-28 12:00:00,LONG,182.991,184.083,0.005167506598685096,10
2024-07-28 12:00:00,2024-07-28 16:00:00,SHORT,184.083,184.676,-0.004021372967628675,1
2024-07-29 04:00:00,2024-07-29 20:00:00,LONG,192.302,182.509,-0.05172510738317858,4
2024-07-30 16:00:00,2024-07-31 12:00:00,LONG,177.86,180.018,0.011333138423479067,5
2024-08-01 00:00:00,2024-08-01 16:00:00,LONG,168.595,162.3,-0.03813799934754879,4
2024-08-15 20:00:00,2024-08-16 00:00:00,LONG,142.538,141.937,-0.005016419481120818,1
2024-08-16 16:00:00,2024-08-16 20:00:00,LONG,140.844,138.986,-0.013991900258441993,1
2024-08-18 16:00:00,2024-08-19 04:00:00,SHORT,146.383,142.217,0.02765958888668764,3
2024-08-20 08:00:00,2024-08-20 16:00:00,SHORT,145.332,143.969,0.008578526408499158,2
2024-08-23 20:00:00,2024-08-24 12:00:00,SHORT,153.228,159.372,-0.040897110188738386,4
2024-08-28 20:00:00,2024-09-04 20:00:00,SHORT,143.892,133.564,0.07097605426291943,42
2024-09-04 20:00:00,2024-09-05 08:00:00,LONG,133.564,132.78,-0.006669845167859542,3
2024-09-09 20:00:00,2024-09-10 04:00:00,SHORT,135.014,134.885,0.00015545647118090776,2
2024-09-10 20:00:00,2024-09-11 08:00:00,SHORT,135.563,131.925,0.02603623112501182,3
2024-09-13 20:00:00,2024-09-14 08:00:00,SHORT,138.916,136.735,0.014900135333582762,3
2024-09-16 00:00:00,2024-09-16 04:00:00,LONG,130.543,131.178,0.004064297587767945,1
2024-09-16 04:00:00,2024-09-18 08:00:00,SHORT,131.178,129.347,0.013158133223558743,13
2024-09-18 12:00:00,2024-09-18 16:00:00,LONG,127.618,129.441,0.01348481875597492,1
2024-09-18 16:00:00,2024-09-18 20:00:00,SHORT,129.441,134.299,-0.03833061240256182,1
2024-09-19 08:00:00,2024-09-21 04:00:00,SHORT,139.368,147.371,-0.05822351185351024,11
2024-09-21 20:00:00,2024-09-22 04:00:00,SHORT,149.372,147.148,0.014089001954851094,2
2024-09-25 00:00:00,2024-09-25 08:00:00,SHORT,151.906,150.886,0.005914678814530105,2
2024-09-26 16:00:00,2024-09-26 20:00:00,SHORT,155.449,155.48,-0.0009994223185737926,1
2024-09-28 04:00:00,2024-09-29 08:00:00,LONG,156.325,156.689,0.0015284823284823562,7
2024-09-30 00:00:00,2024-09-30 04:00:00,LONG,156.107,156.812,0.0037161331650727544,1
2024-10-01 20:00:00,2024-10-02 00:00:00,LONG,145.071,147.132,0.01340683665239784,1
2024-10-05 12:00:00,2024-10-06 00:00:00,LONG,142.814,142.629,-0.0020953912081448757,3
2024-10-10 00:00:00,2024-10-10 04:00:00,LONG,139.819,139.62,-0.0022232686544745982,1
2024-10-16 00:00:00,2024-10-17 20:00:00,LONG,154.14,150.45,-0.024739275982872698,11
2024-10-18 00:00:00,2024-10-18 08:00:00,LONG,151.84,152.96,0.0065761854583772685,2
2024-10-18 08:00:00,2024-10-18 20:00:00,SHORT,152.96,154.86,-0.013221548117154848,3
2024-10-19 04:00:00,2024-10-21 12:00:00,LONG,154.47,165.36,0.06969912604389211,14
2024-10-22 20:00:00,2024-10-23 04:00:00,SHORT,167.56,165.67,0.01047954165672007,2
2024-10-29 04:00:00,2024-10-29 08:00:00,SHORT,180.13,180.73,-0.004130927663354213,1
2024-10-31 16:00:00,2024-10-31 20:00:00,LONG,168.68,168.62,-0.00115570310647381,1
2024-11-02 12:00:00,2024-11-02 20:00:00,LONG,163.73,166.09,0.013613974225859731,2
2024-11-16 12:00:00,2024-11-16 16:00:00,SHORT,215.12,216.33,-0.006424767571587988,1
2024-11-16 20:00:00,2024-11-17 08:00:00,SHORT,215.87,235.05,-0.08964977069532591,3
2024-11-20 16:00:00,2024-11-20 20:00:00,SHORT,232.97,235.47,-0.011530995407133966,1
2024-12-02 04:00:00,2024-12-04 00:00:00,LONG,228.8,237.85,0.03875419580419572,11
2024-12-04 08:00:00,2024-12-05 00:00:00,LONG,236.2,233.19,-0.01354343776460623,4
2024-12-09 08:00:00,2024-12-10 00:00:00,LONG,226.16,215.83,-0.04647562787407138,4
2024-12-11 16:00:00,2024-12-12 16:00:00,LONG,229.75,227.17,-0.012029597388465778,6
2024-12-12 20:00:00,2024-12-13 04:00:00,LONG,226.88,224.72,-0.01032045133991536,2
2024-12-13 20:00:00,2024-12-14 04:00:00,LONG,224.71,225.88,0.004406710871790251,2
2024-12-14 20:00:00,2024-12-18 12:00:00,LONG,219.84,217.63,-0.01085276564774385,22
2024-12-19 00:00:00,2024-12-19 04:00:00,LONG,208.72,211.67,0.01333376772709845,1
2024-12-19 08:00:00,2024-12-19 20:00:00,LONG,210.33,193.71,-0.07981868492369136,3
2024-12-24 08:00:00,2024-12-28 08:00:00,LONG,192.84,187.08,-0.03066932171748595,24
2024-12-28 20:00:00,2024-12-30 08:00:00,LONG,195.39,193.44,-0.010780039920159624,9
2025-01-02 08:00:00,2025-01-02 12:00:00,SHORT,208.43,206.68,0.00759610420764765,1
2025-01-02 12:00:00,2025-01-09 20:00:00,LONG,206.68,184.88,-0.10627706599574226,44
2025-01-18 00:00:00,2025-01-18 08:00:00,LONG,220.32,238.85,0.08330493827160496,2
2025-01-25 04:00:00,2025-01-25 08:00:00,LONG,247.15,249.81,0.009962694719805772,1
2025-01-25 08:00:00,2025-01-26 00:00:00,SHORT,249.81,258.29,-0.03474579880709346,4
2025-01-27 08:00:00,2025-01-27 16:00:00,LONG,225.73,226.47,0.0024782527798697966,2
2025-01-28 04:00:00,2025-01-28 12:00:00,LONG,238.69,237.34,-0.006455871632661588,2
2025-02-01 20:00:00,2025-02-02 20:00:00,LONG,212.89,203.42,-0.04528306637230495,6
2025-02-05 12:00:00,2025-02-06 16:00:00,LONG,201.64,189.79,-0.059568101567149354,7
2025-02-08 12:00:00,2025-02-09 00:00:00,LONG,193.32,206.84,0.06913585764535492,3
2025-02-12 04:00:00,2025-02-12 08:00:00,LONG,195.12,197.29,0.010321361213612072,1
2025-02-12 16:00:00,2025-02-12 20:00:00,LONG,193.62,196.71,0.015159095134800142,1
2025-02-16 20:00:00,2025-02-17 00:00:00,LONG,188.14,186.22,-0.011005166365472455,1
2025-02-21 16:00:00,2025-02-22 04:00:00,LONG,168.36,171.65,0.01874145877880727,3
2025-03-01 20:00:00,2025-03-02 04:00:00,LONG,143.58,143.72,0.00017506616520397223,2
2025-03-10 16:00:00,2025-03-10 20:00:00,SHORT,119.63,118.26,0.010651976928863917,1
2025-03-11 00:00:00,2025-03-11 04:00:00,SHORT,119.91,123.05,-0.02698630639646402,1
2025-03-11 08:00:00,2025-03-13 08:00:00,SHORT,124.63,126.83,-0.01845225066195942,12
2025-03-13 08:00:00,2025-03-14 00:00:00,LONG,126.83,124.44,-0.019644122053142005,4
2025-03-15 00:00:00,2025-03-21 08:00:00,SHORT,134.97,126.34,0.06314013484478029,38
2025-03-23 12:00:00,2025-04-01 16:00:00,SHORT,132.43,126.72,0.04231711847768638,55
2025-04-03 00:00:00,2025-04-03 04:00:00,LONG,119.75,118.58,-0.010570354906054295,1
2025-04-03 04:00:00,2025-04-05 04:00:00,SHORT,118.58,121.01,-0.0212924945184686,12
2025-04-06 20:00:00,2025-04-07 00:00:00,LONG,105.84,103.2,-0.025743310657596375,1
2025-04-07 00:00:00,2025-04-07 08:00:00,SHORT,103.2,100.22,0.0280759689922481,2
2025-04-09 00:00:00,2025-04-09 08:00:00,LONG,103.09,103.38,0.0020130759530506553,2
2025-04-12 04:00:00,2025-04-15 16:00:00,SHORT,124.17,127.79,-0.029953579769670648,21
2025-04-19 08:00:00,2025-04-20 20:00:00,SHORT,138.7,137.76,0.005977217015140575,9
2025-04-21 04:00:00,2025-04-22 00:00:00,SHORT,140.08,139.28,0.004911022272986945,5
2025-04-22 16:00:00,2025-04-24 12:00:00,SHORT,144.17,149.28,-0.03624426718457387,11
2025-04-26 16:00:00,2025-04-27 00:00:00,SHORT,149.16,147.45,0.010664199517296916,2
2025-05-08 04:00:00,2025-05-08 12:00:00,SHORT,151.51,160.18,-0.058023945614150994,2
2025-05-15 00:00:00,2025-05-15 08:00:00,SHORT,173.95,170.99,0.016216384018395976,2
2025-05-24 20:00:00,2025-05-25 00:00:00,SHORT,175.81,173.53,0.012168545588988118,1
2025-05-28 16:00:00,2025-05-28 20:00:00,LONG,169.31,172.11,0.015737711889433653,1
2025-06-03 16:00:00,2025-06-05 04:00:00,LONG,160.49,152.36,-0.05145736182939744,9
2025-06-05 16:00:00,2025-06-05 20:00:00,LONG,146.13,144.21,-0.013938985834530812,1
2025-06-06 16:00:00,2025-06-06 20:00:00,LONG,149.04,147.76,-0.009388298443370916,1
2025-06-07 04:00:00,2025-06-07 12:00:00,LONG,152.3,150.92,-0.009861063690085515,2
2025-06-10 12:00:00,2025-06-13 04:00:00,LONG,157.96,144.92,-0.08335254494808825,16
2025-06-14 00:00:00,2025-06-14 04:00:00,LONG,146.63,146.11,-0.004346341130737106,1
2025-06-27 16:00:00,2025-06-28 04:00:00,LONG,141.72,146.52,0.0330696020321762,3
2025-07-11 08:00:00,2025-07-13 20:00:00,LONG,163.81,161.04,-0.017709834564434465,15
2025-07-13 20:00:00,2025-07-14 08:00:00,SHORT,161.04,166.51,-0.03476671634376552,3
2025-07-14 08:00:00,2025-07-14 20:00:00,LONG,166.51,162.13,-0.027104726442856258,3
2025-07-16 16:00:00,2025-07-18 12:00:00,LONG,174.13,177.0,0.01568193878137027,11
2025-07-19 08:00:00,2025-07-19 16:00:00,SHORT,176.58,177.04,-0.003405051534715027,2
2025-07-28 04:00:00,2025-07-28 08:00:00,SHORT,192.29,191.96,0.0009161578865254776,1
2025-08-06 04:00:00,2025-08-06 16:00:00,LONG,164.16,168.73,0.02703869395711497,3
2025-08-24 00:00:00,2025-08-24 20:00:00,LONG,209.21,206.09,-0.01571324506476748,5
2025-08-27 00:00:00,2025-08-27 04:00:00,SHORT,201.91,202.37,-0.0030782427814373134,1
2025-08-27 12:00:00,2025-08-28 00:00:00,LONG,208.6,208.07,-0.003340747842761271,3
2025-08-28 08:00:00,2025-08-28 20:00:00,LONG,213.07,214.29,0.004925817806354714,3
2025-08-29 00:00:00,2025-08-29 08:00:00,LONG,216.77,207.55,-0.04333356091710107,2
2025-08-30 08:00:00,2025-08-30 16:00:00,SHORT,202.52,201.16,0.005915386134702812,2
2025-09-03 00:00:00,2025-09-03 08:00:00,SHORT,209.94,210.25,-0.002276612365437755,2
2025-09-07 00:00:00,2025-09-07 04:00:00,LONG,202.76,202.9,-0.00010952850660872569,1
2025-09-08 12:00:00,2025-09-17 00:00:00,LONG,214.97,233.99,0.08767746197143793,51
2025-09-17 00:00:00,2025-09-17 04:00:00,SHORT,233.99,237.63,-0.016356220351297003,1
2025-09-17 04:00:00,2025-09-17 20:00:00,LONG,237.63,244.75,0.029162546816479423,4
2025-09-17 20:00:00,2025-09-18 00:00:00,SHORT,244.75,246.62,-0.008440449438202265,1
2025-09-18 00:00:00,2025-09-20 08:00:00,LONG,246.62,238.03,-0.03563091395669452,14
2025-09-20 08:00:00,2025-09-20 12:00:00,SHORT,238.03,240.0,-0.00907626769734907,1
2025-09-22 08:00:00,2025-09-25 20:00:00,LONG,221.36,192.6,-0.13072410552945435,21
2025-09-27 04:00:00,2025-09-28 20:00:00,LONG,201.97,210.7,0.0424242412239441,10
2025-10-01 20:00:00,2025-10-07 12:00:00,LONG,221.91,223.65,0.00704101662836289,34
2025-10-07 12:00:00,2025-10-07 16:00:00,SHORT,223.65,221.55,0.008589671361502321,1
2025-10-07 16:00:00,2025-10-09 08:00:00,LONG,221.55,223.0,0.005744798013992275,10
2025-10-09 12:00:00,2025-10-10 16:00:00,LONG,219.01,205.16,-0.06403912150130128,7
2025-10-19 00:00:00,2025-10-19 12:00:00,LONG,186.95,190.66,0.019044878309708524,3
2025-10-23 00:00:00,2025-10-23 04:00:00,LONG,182.76,187.4,0.024588487634055675,1
2025-11-08 12:00:00,2025-11-09 00:00:00,LONG,156.61,155.82,-0.005844377753655708,3
2025-11-19 20:00:00,2025-11-20 00:00:00,LONG,136.96,143.12,0.04417663551401866,1
2025-12-03 08:00:00,2025-12-05 12:00:00,SHORT,141.66,134.96,0.04649634335733438,13
2025-12-05 16:00:00,2025-12-08 20:00:00,SHORT,132.4,133.19,-0.006766767371601148,19
2025-12-10 00:00:00,2025-12-11 04:00:00,SHORT,138.07,130.93,0.0509128992540015,7
2025-12-12 08:00:00,2025-12-12 16:00:00,SHORT,138.66,131.17,0.053217020049040886,2
2025-12-15 00:00:00,2025-12-15 04:00:00,SHORT,131.09,132.28,-0.009877732855290242,1
2025-12-15 16:00:00,2025-12-15 20:00:00,LONG,124.93,127.73,0.02161255102857598,1
2025-12-15 20:00:00,2025-12-17 04:00:00,SHORT,127.73,128.2,-0.004479636733735103,8
2025-12-17 20:00:00,2025-12-18 04:00:00,LONG,123.17,122.76,-0.004128732645936483,2
2025-12-22 16:00:00,2025-12-22 20:00:00,SHORT,124.58,125.87,-0.01115479210146096,1
2025-12-23 16:00:00,2025-12-23 20:00:00,LONG,123.91,123.95,-0.0004771850536679344,1
2025-12-24 04:00:00,2025-12-24 12:00:00,LONG,121.24,122.67,0.0109947871989443,2
2025-12-26 00:00:00,2025-12-26 04:00:00,LONG,122.61,122.66,-0.0003922029198271173,1
2025-12-29 04:00:00,2025-12-29 16:00:00,SHORT,127.83,122.99,0.03706278651333805,3
2026-01-02 04:00:00,2026-01-08 12:00:00,SHORT,127.1,136.33,-0.07341998426435892,38
2026-01-08 16:00:00,2026-01-08 20:00:00,SHORT,137.48,138.3,-0.0067645039278442076,1
2026-01-12 04:00:00,2026-01-16 16:00:00,SHORT,141.34,144.13,-0.02053963492288094,27
2026-01-16 20:00:00,2026-01-17 04:00:00,SHORT,144.85,143.56,0.008105764584052414,2
2026-01-18 16:00:00,2026-01-27 04:00:00,SHORT,142.2,124.46,0.12395386779184245,51
2026-01-27 04:00:00,2026-01-27 16:00:00,LONG,124.46,125.79,0.009886164229471417,3
2026-01-29 16:00:00,2026-01-31 16:00:00,SHORT,116.75,101.65,0.1285361884368308,12
2026-02-09 04:00:00,2026-02-09 08:00:00,LONG,85.43,83.43,-0.024210979749502513,1
2026-02-09 16:00:00,2026-02-09 20:00:00,LONG,87.9,86.71,-0.014338111490330055,1
2026-02-10 00:00:00,2026-02-10 04:00:00,LONG,85.8,84.59,-0.01490256410256403,1
2026-02-11 12:00:00,2026-02-11 16:00:00,SHORT,79.65,79.67,-0.001051098556183252,1
2026-02-12 04:00:00,2026-02-17 00:00:00,SHORT,80.72,86.31,-0.07005173439048566,29
2026-02-18 12:00:00,2026-02-20 16:00:00,SHORT,82.95,84.72,-0.022138155515370656,13
2026-02-23 00:00:00,2026-02-23 04:00:00,LONG,77.57,79.32,0.021760268144901382,1
2026-02-23 04:00:00,2026-02-26 00:00:00,SHORT,79.32,87.91,-0.10909551185073127,17
2026-02-26 04:00:00,2026-02-27 12:00:00,SHORT,87.21,82.64,0.051602247448687,8
2026-02-27 16:00:00,2026-02-28 08:00:00,SHORT,81.52,78.71,0.03367006869479885,4
2026-02-28 12:00:00,2026-02-28 16:00:00,SHORT,80.87,82.15,-0.016627871893161877,1
2026-02-28 20:00:00,2026-03-01 00:00:00,SHORT,84.29,87.98,-0.044577435045675615,1
2026-03-05 20:00:00,2026-03-06 12:00:00,SHORT,88.74,84.57,0.04619121027721435,4
2026-03-06 20:00:00,2026-03-11 00:00:00,SHORT,84.64,85.56,-0.011669565217391325,25
2026-03-13 04:00:00,2026-03-21 16:00:00,SHORT,88.62,89.73,-0.01332538930264048,51
2026-03-22 04:00:00,2026-03-25 00:00:00,SHORT,87.65,91.66,-0.0465501426126639,17
2026-03-25 04:00:00,2026-03-25 08:00:00,SHORT,91.77,92.94,-0.013549264465511624,1
2026-03-26 20:00:00,2026-04-01 08:00:00,SHORT,86.47,83.31,0.03574446628888628,33
2026-04-01 08:00:00,2026-04-01 16:00:00,LONG,83.31,83.79,0.004961613251710526,2
2026-04-02 00:00:00,2026-04-02 08:00:00,LONG,78.94,78.27,-0.009287458829490775,2
2026-04-02 20:00:00,2026-04-03 12:00:00,SHORT,78.91,80.3,-0.01841500443543278,4
2026-04-06 04:00:00,2026-04-06 08:00:00,SHORT,81.77,82.39,-0.00838224287636058,1
2026-04-06 12:00:00,2026-04-06 16:00:00,SHORT,82.24,81.86,0.0038206225680933307,1
2026-04-08 00:00:00,2026-04-09 08:00:00,SHORT,84.53,82.14,0.027473985567254236,8
2026-04-10 00:00:00,2026-04-13 04:00:00,SHORT,82.84,82.12,0.007891453404152569,19
2026-04-14 00:00:00,2026-04-15 12:00:00,SHORT,86.03,83.94,0.02349385098221555,9
2026-04-15 20:00:00,2026-04-16 20:00:00,SHORT,84.85,89.03,-0.05006340601060704,6
2026-04-20 16:00:00,2026-04-20 20:00:00,SHORT,85.75,85.24,0.005147521865889272,1
2026-04-27 04:00:00,2026-04-27 08:00:00,SHORT,85.21,85.19,-0.0005652857645816686,1
2026-04-27 16:00:00,2026-04-28 00:00:00,LONG,84.12,84.12,-0.0008,2
2026-04-28 16:00:00,2026-04-29 16:00:00,SHORT,83.85,82.13,0.0197128205128205,6
2026-04-29 20:00:00,2026-04-30 20:00:00,SHORT,83.01,83.04,-0.001161402240693906,6
2026-05-03 00:00:00,2026-05-06 20:00:00,SHORT,83.61,89.1,-0.06646200215285246,23
2026-05-13 12:00:00,2026-05-13 16:00:00,SHORT,90.37,90.9,-0.006664778134336629,1
2026-05-13 16:00:00,2026-05-15 04:00:00,LONG,90.9,91.56,0.006460726072607222,9
2026-05-15 04:00:00,2026-05-15 08:00:00,SHORT,91.56,91.21,0.0030226299694190535,1
2026-05-15 12:00:00,2026-05-16 12:00:00,LONG,89.0,86.42,-0.0297887640449438,6
2026-05-16 16:00:00,2026-05-17 16:00:00,LONG,86.65,86.74,0.0002386612810154552,6
2026-05-17 20:00:00,2026-05-18 00:00:00,LONG,85.17,84.79,-0.005261664905483098,1
2026-05-23 08:00:00,2026-05-25 00:00:00,SHORT,82.2,84.88,-0.033403406326033974,10
2026-05-28 04:00:00,2026-05-30 20:00:00,SHORT,81.19,82.69,-0.019275181672619778,16
2026-06-01 08:00:00,2026-06-01 12:00:00,LONG,80.78,79.56,-0.015902748205001222,1
2026-06-01 16:00:00,2026-06-01 20:00:00,LONG,81.16,81.25,0.0003089206505668237,1
2026-06-02 04:00:00,2026-06-02 16:00:00,SHORT,79.63,75.47,0.051441617480848884,3
